{
    "version": "1.0",
    "explanations": {
        "kernel_shap": {
            "label0": {
                "global_shap_values": {
                    "LIMIT_BAL": 0.02340171849413073,
                    "SEX": 0.01054910180210513,
                    "EDUCATION": 0.009045358925256286,
                    "MARRIAGE": 0.012905853368948996,
                    "AGE": 0.012196613731153718,
                    "PAY_0": 0.06349961199959386,
                    "PAY_2": 0.011123910255548979,
                    "PAY_3": 0.011458492759034093,
                    "PAY_4": 0.009064790267102312,
                    "PAY_5": 0.014969889933669716,
                    "PAY_6": 0.013340118921685563,
                    "BILL_AMT1": 0.03575160430524812,
                    "BILL_AMT2": 0.013999124623993204,
                    "BILL_AMT3": 0.023392357848218658,
                    "BILL_AMT4": 0.025952806897896634,
                    "BILL_AMT5": 0.01219515671070583,
                    "BILL_AMT6": 0.013838883581525607,
                    "PAY_AMT1": 0.021627108354661133,
                    "PAY_AMT2": 0.017734222707184485,
                    "PAY_AMT3": 0.01638287116171748,
                    "PAY_AMT4": 0.017162530317229467,
                    "PAY_AMT5": 0.017928174486450604,
                    "PAY_AMT6": 0.017754450160029547
                },
                "expected_value": 0.03935409337282181
            }
        }
    }
}